feature,feature_importance
right_knee_angle__c3__lag_3,0.0
right_knee_angle__c3__lag_2,1.223870512914377e-06
right_ankle_angle__time_reversal_asymmetry_statistic__lag_1,0.0
right_ankle_angle__last_location_of_maximum,0.008634322428689042
right_knee_angle__last_location_of_maximum,0.05511794245198552
right_knee_angle__agg_linear_trend__attr_"slope"__chunk_len_5__f_agg_"var",3.011158648175001e-06
right_knee_angle__fft_coefficient__attr_"imag"__coeff_76,0.037224368447165486
right_ankle_angle__fft_coefficient__attr_"imag"__coeff_47,0.002925362992527457
right_ankle_angle__maximum,0.010927475666690853
right_knee_angle__change_quantiles__f_agg_"var"__isabs_False__qh_1.0__ql_0.0,4.8827542865699766e-05
right_knee_angle__change_quantiles__f_agg_"var"__isabs_True__qh_1.0__ql_0.0,0.0004269131634801238
right_ankle_angle__agg_linear_trend__attr_"slope"__chunk_len_50__f_agg_"max",0.0010409104004947924
right_ankle_angle__agg_linear_trend__attr_"stderr"__chunk_len_10__f_agg_"var",0.0
right_ankle_angle__fft_coefficient__attr_"imag"__coeff_44,0.0006300072345060328
right_knee_angle__first_location_of_maximum,0.06163107039229638
right_ankle_angle__fft_coefficient__attr_"imag"__coeff_38,0.0001625843929039846
right_knee_angle__change_quantiles__f_agg_"mean"__isabs_True__qh_0.6__ql_0.0,0.00096086027322232
right_ankle_angle__change_quantiles__f_agg_"var"__isabs_False__qh_1.0__ql_0.6,0.0
right_knee_angle__change_quantiles__f_agg_"var"__isabs_False__qh_1.0__ql_0.4,0.00012808732022309338
right_knee_angle__change_quantiles__f_agg_"var"__isabs_False__qh_1.0__ql_0.2,8.469151514446431e-05
right_ankle_angle__change_quantiles__f_agg_"var"__isabs_False__qh_1.0__ql_0.0,0.0
right_ankle_angle__agg_linear_trend__attr_"stderr"__chunk_len_5__f_agg_"max",0.0007768902335551174
right_knee_angle__change_quantiles__f_agg_"var"__isabs_False__qh_1.0__ql_0.6,0.0005158027640666747
right_ankle_angle__change_quantiles__f_agg_"mean"__isabs_False__qh_1.0__ql_0.0,0.0009338789602528857
right_ankle_angle__mean_change,0.0004716541111414781
right_knee_angle__agg_linear_trend__attr_"slope"__chunk_len_10__f_agg_"var",0.00023444957701310623
right_ankle_angle__change_quantiles__f_agg_"var"__isabs_True__qh_1.0__ql_0.6,0.0
right_ankle_angle__agg_linear_trend__attr_"stderr"__chunk_len_10__f_agg_"max",0.011471184397252088
right_knee_angle__change_quantiles__f_agg_"mean"__isabs_True__qh_0.4__ql_0.0,0.0014349679411021193
right_knee_angle__agg_linear_trend__attr_"stderr"__chunk_len_5__f_agg_"max",0.0007200616432970112
right_ankle_angle__agg_linear_trend__attr_"stderr"__chunk_len_5__f_agg_"mean",0.00449442697504136
right_ankle_angle__change_quantiles__f_agg_"mean"__isabs_False__qh_1.0__ql_0.4,0.0067131296074025276
right_knee_angle__agg_linear_trend__attr_"stderr"__chunk_len_5__f_agg_"mean",0.0006145867690680544
right_ankle_angle__fft_coefficient__attr_"imag"__coeff_42,0.00046293296492852054
right_ankle_angle__variance,8.130538521629628e-06
right_ankle_angle__standard_deviation,0.0030216800729749404
right_ankle_angle__root_mean_square,0.004916426639962304
right_ankle_angle__change_quantiles__f_agg_"var"__isabs_False__qh_1.0__ql_0.4,0.0
left_hip_angle__agg_linear_trend__attr_"slope"__chunk_len_5__f_agg_"var",0.0
right_knee_angle__agg_linear_trend__attr_"stderr"__chunk_len_5__f_agg_"min",0.00033324380935556927
right_ankle_angle__change_quantiles__f_agg_"var"__isabs_False__qh_1.0__ql_0.2,0.0
right_knee_angle__change_quantiles__f_agg_"var"__isabs_True__qh_1.0__ql_0.2,4.0781800220633255e-05
right_knee_angle__mean_abs_change,0.0013712237668173312
right_knee_angle__change_quantiles__f_agg_"mean"__isabs_True__qh_1.0__ql_0.0,0.0015055610061913073
right_knee_angle__change_quantiles__f_agg_"var"__isabs_False__qh_1.0__ql_0.8,0.0009823285005083984
right_knee_angle__linear_trend__attr_"stderr",0.0004572125308203599
right_ankle_angle__change_quantiles__f_agg_"mean"__isabs_False__qh_1.0__ql_0.6,0.00024088670674045216
right_knee_angle__change_quantiles__f_agg_"var"__isabs_True__qh_1.0__ql_0.4,0.00012285477506422546
right_ankle_angle__change_quantiles__f_agg_"var"__isabs_True__qh_1.0__ql_0.0,0.0
right_knee_angle__agg_linear_trend__attr_"slope"__chunk_len_5__f_agg_"min",0.008622535314338878
right_ankle_angle__fft_coefficient__attr_"imag"__coeff_39,0.001348920787032747
right_ankle_angle__change_quantiles__f_agg_"var"__isabs_True__qh_1.0__ql_0.4,0.0
right_ankle_angle__agg_linear_trend__attr_"stderr"__chunk_len_5__f_agg_"min",0.0007654105854781795
right_ankle_angle__fft_coefficient__attr_"imag"__coeff_43,7.165313482246825e-05
left_knee_angle__agg_linear_trend__attr_"slope"__chunk_len_5__f_agg_"var",6.558889280519051e-07
right_ankle_angle__change_quantiles__f_agg_"var"__isabs_True__qh_1.0__ql_0.2,0.0
right_ankle_angle__fft_coefficient__attr_"real"__coeff_89,0.018345553264631317
right_ankle_angle__time_reversal_asymmetry_statistic__lag_2,0.0
right_knee_angle__agg_linear_trend__attr_"stderr"__chunk_len_10__f_agg_"max",0.0004828129611458794
right_ankle_angle__linear_trend__attr_"stderr",1.4503864113429111e-05
right_hip_angle__change_quantiles__f_agg_"var"__isabs_True__qh_0.6__ql_0.0,9.418224018509191e-06
right_ankle_angle__fft_coefficient__attr_"imag"__coeff_36,0.00022842361442963614
right_knee_angle__change_quantiles__f_agg_"mean"__isabs_True__qh_0.8__ql_0.0,0.0021789183456907947
right_ankle_angle__fft_coefficient__attr_"real"__coeff_78,0.008436756611365458
right_knee_angle__fft_coefficient__attr_"imag"__coeff_75,0.004673990043506806
right_knee_angle__root_mean_square,0.0006181891346409143
right_knee_angle__change_quantiles__f_agg_"var"__isabs_True__qh_1.0__ql_0.6,0.0006612122392535975
right_knee_angle__standard_deviation,0.0011231604883448541
right_knee_angle__variance,0.0012294039822190186
right_knee_angle__change_quantiles__f_agg_"var"__isabs_False__qh_0.4__ql_0.0,0.00021972191442418343
right_hip_angle__change_quantiles__f_agg_"var"__isabs_True__qh_0.8__ql_0.0,2.70861396723317e-07
right_ankle_angle__first_location_of_maximum,0.006356077946854291
right_knee_angle__change_quantiles__f_agg_"var"__isabs_False__qh_0.6__ql_0.0,5.191701710024742e-05
right_knee_angle__change_quantiles__f_agg_"mean"__isabs_True__qh_1.0__ql_0.4,0.008296708869411553
right_ankle_angle__change_quantiles__f_agg_"var"__isabs_False__qh_1.0__ql_0.8,0.0
right_ankle_angle__change_quantiles__f_agg_"mean"__isabs_False__qh_1.0__ql_0.2,0.0003554281541240282
right_hip_angle__change_quantiles__f_agg_"var"__isabs_False__qh_0.8__ql_0.0,2.969323939309093e-06
right_hip_angle__change_quantiles__f_agg_"var"__isabs_False__qh_0.6__ql_0.0,8.085708526526591e-06
right_knee_angle__agg_linear_trend__attr_"stderr"__chunk_len_10__f_agg_"mean",0.0007646980756050077
right_knee_angle__fft_coefficient__attr_"imag"__coeff_23,0.005912739917262639
right_knee_angle__linear_trend__attr_"slope",0.009193471781267146
right_knee_angle__change_quantiles__f_agg_"mean"__isabs_True__qh_0.2__ql_0.0,0.0006302751149410318
right_knee_angle__change_quantiles__f_agg_"var"__isabs_False__qh_0.8__ql_0.0,7.043817271608299e-05
right_knee_angle__change_quantiles__f_agg_"var"__isabs_True__qh_1.0__ql_0.8,0.0011323380417689113
right_knee_angle__fft_coefficient__attr_"angle"__coeff_76,0.04775346210374664
right_knee_angle__change_quantiles__f_agg_"mean"__isabs_True__qh_1.0__ql_0.2,0.0032644144288519633
right_ankle_angle__change_quantiles__f_agg_"mean"__isabs_False__qh_1.0__ql_0.8,0.00025243592680915423
right_ankle_angle__fft_coefficient__attr_"real"__coeff_81,0.0005460300746606048
right_ankle_angle__fft_coefficient__attr_"imag"__coeff_41,0.0009168312080760634
left_hip_angle__agg_linear_trend__attr_"slope"__chunk_len_10__f_agg_"var",1.597777075968833e-05
right_hip_angle__mean_abs_change,0.0012035185086570384
right_hip_angle__change_quantiles__f_agg_"mean"__isabs_True__qh_1.0__ql_0.0,0.0008480778915157753
right_knee_angle__sum_values,0.0016049596344206829
right_knee_angle__fft_coefficient__attr_"real"__coeff_0,0.001955493782201727
right_ankle_angle__fft_coefficient__attr_"real"__coeff_85,0.0021047963215602835
right_ankle_angle__fft_coefficient__attr_"real"__coeff_73,0.0007415154285208877
right_knee_angle__fft_coefficient__attr_"imag"__coeff_78,0.004647876434102408
right_ankle_angle__fft_coefficient__attr_"real"__coeff_66,0.002063895163900555
right_ankle_angle__fft_coefficient__attr_"imag"__coeff_40,5.206469801475312e-05
left_knee_angle__agg_linear_trend__attr_"slope"__chunk_len_10__f_agg_"var",0.0002089766628852689
left_hip_angle__agg_linear_trend__attr_"stderr"__chunk_len_5__f_agg_"min",0.0008266126210264409
left_knee_angle__agg_linear_trend__attr_"slope"__chunk_len_10__f_agg_"max",0.0016192220870139184
right_ankle_angle__mean_abs_change,0.002645430201139735
right_ankle_angle__change_quantiles__f_agg_"mean"__isabs_True__qh_1.0__ql_0.0,0.001612666184851456
right_knee_angle__fft_coefficient__attr_"imag"__coeff_25,0.0015326923554129922
right_ankle_angle__agg_linear_trend__attr_"stderr"__chunk_len_10__f_agg_"mean",0.0003133232250428626
right_knee_angle__mean,0.00160292338379345
right_knee_angle__fft_coefficient__attr_"real"__coeff_78,0.0016636217153969612
right_knee_angle__change_quantiles__f_agg_"mean"__isabs_True__qh_1.0__ql_0.6,0.004406961183393614
right_knee_angle__agg_linear_trend__attr_"stderr"__chunk_len_5__f_agg_"var",7.856535731567519e-07
right_knee_angle__cid_ce__normalize_False,0.00417493989111482
right_ankle_angle__agg_linear_trend__attr_"slope"__chunk_len_10__f_agg_"var",0.0
right_knee_angle__fft_coefficient__attr_"real"__coeff_77,5.015936893684001e-05
right_knee_angle__change_quantiles__f_agg_"mean"__isabs_True__qh_1.0__ql_0.8,0.002452242030645365
right_knee_angle__fft_coefficient__attr_"real"__coeff_81,0.0007929881433288725
left_hip_angle__agg_linear_trend__attr_"stderr"__chunk_len_10__f_agg_"min",0.0063111688012753185
right_ankle_angle__fft_coefficient__attr_"imag"__coeff_46,0.00026657458623282417
right_ankle_angle__fft_coefficient__attr_"real"__coeff_49,0.0016843730950548545
right_hip_angle__change_quantiles__f_agg_"mean"__isabs_True__qh_0.8__ql_0.0,0.0023897841023104833
right_ankle_angle__fft_coefficient__attr_"real"__coeff_82,0.007791387284918336
right_ankle_angle__fft_coefficient__attr_"imag"__coeff_45,0.00014786876824286364
right_ankle_angle__change_quantiles__f_agg_"var"__isabs_True__qh_1.0__ql_0.8,0.0
right_knee_angle__change_quantiles__f_agg_"var"__isabs_True__qh_0.8__ql_0.0,7.141123567649977e-05
left_knee_angle__change_quantiles__f_agg_"var"__isabs_False__qh_1.0__ql_0.2,5.168116560290189e-05
right_knee_angle__change_quantiles__f_agg_"var"__isabs_True__qh_0.6__ql_0.0,3.5541207670347855e-05
right_knee_angle__agg_linear_trend__attr_"stderr"__chunk_len_10__f_agg_"min",0.0006789531859320493
right_ankle_angle__fft_coefficient__attr_"real"__coeff_51,0.00018457582804170782
right_knee_angle__change_quantiles__f_agg_"var"__isabs_False__qh_0.2__ql_0.0,0.00023335176406927982
right_hip_angle__change_quantiles__f_agg_"mean"__isabs_True__qh_0.6__ql_0.0,0.0015186612063197366
left_knee_angle__change_quantiles__f_agg_"var"__isabs_False__qh_1.0__ql_0.4,5.439106582346875e-05
right_ankle_angle__fft_coefficient__attr_"imag"__coeff_37,0.0007195369920073355
left_knee_angle__agg_linear_trend__attr_"slope"__chunk_len_50__f_agg_"var",0.0024586391695642735
left_knee_angle__mean_change,0.001681613580550702
left_hip_angle__agg_linear_trend__attr_"stderr"__chunk_len_5__f_agg_"mean",8.265244145776141e-05
left_knee_angle__change_quantiles__f_agg_"mean"__isabs_False__qh_1.0__ql_0.0,0.003938862472031134
right_knee_angle__fft_coefficient__attr_"imag"__coeff_58,0.0005248273306243191
right_knee_angle__fft_coefficient__attr_"imag"__coeff_42,0.00011608696914009783
right_ankle_angle__fft_coefficient__attr_"real"__coeff_41,0.0009088607233042087
right_knee_angle__fft_coefficient__attr_"imag"__coeff_47,0.00031348891129536117
right_knee_angle__fft_coefficient__attr_"imag"__coeff_73,0.0017642831051499991
right_ankle_angle__fft_coefficient__attr_"real"__coeff_76,0.0006901358789804083
left_knee_angle__agg_linear_trend__attr_"stderr"__chunk_len_5__f_agg_"max",0.0008116141384485546
right_ankle_angle__change_quantiles__f_agg_"mean"__isabs_True__qh_1.0__ql_0.8,0.00352937669403048
left_hip_angle__linear_trend__attr_"stderr",3.118500518695064e-05
right_knee_angle__fft_coefficient__attr_"real"__coeff_75,0.0022790960988452224
right_ankle_angle__fft_coefficient__attr_"real"__coeff_30,0.012967957351144279
right_knee_angle__change_quantiles__f_agg_"var"__isabs_True__qh_0.4__ql_0.0,7.067187521610104e-05
right_knee_angle__minimum,0.001278166586671565
left_knee_angle__linear_trend__attr_"stderr",0.00011824526566118082
right_ankle_angle__agg_linear_trend__attr_"stderr"__chunk_len_50__f_agg_"var",9.164905401832516e-07
right_ankle_angle__fft_coefficient__attr_"imag"__coeff_52,0.00033195995861443533
left_knee_angle__agg_linear_trend__attr_"stderr"__chunk_len_5__f_agg_"var",1.015041616128543e-06
left_knee_angle__agg_linear_trend__attr_"stderr"__chunk_len_5__f_agg_"mean",0.0006197865476288635
right_knee_angle__fft_coefficient__attr_"imag"__coeff_39,7.999215254127509e-05
right_knee_angle__fft_coefficient__attr_"imag"__coeff_72,0.003026482048423911
left_knee_angle__agg_linear_trend__attr_"stderr"__chunk_len_5__f_agg_"min",0.00010491124682297382
right_knee_angle__fft_coefficient__attr_"real"__coeff_52,0.0002612999009721669
right_ankle_angle__fft_coefficient__attr_"real"__coeff_40,0.00016515250539378697
right_ankle_angle__fft_coefficient__attr_"real"__coeff_79,0.001058446499332328
right_knee_angle__fft_coefficient__attr_"abs"__coeff_3,0.0036866501499249163
left_knee_angle__agg_linear_trend__attr_"stderr"__chunk_len_10__f_agg_"mean",9.331711926794346e-05
right_hip_angle__change_quantiles__f_agg_"var"__isabs_False__qh_0.4__ql_0.0,3.240001471277001e-06
right_knee_angle__fft_coefficient__attr_"real"__coeff_60,0.00030310127610440823
right_ankle_angle__fft_coefficient__attr_"real"__coeff_43,0.000162980579082106
right_knee_angle__fft_coefficient__attr_"imag"__coeff_35,0.001294319720858911
right_knee_angle__fft_coefficient__attr_"imag"__coeff_71,0.0010356874544076948
right_ankle_angle__fft_coefficient__attr_"real"__coeff_75,0.0005377469765095342
right_knee_angle__fft_coefficient__attr_"real"__coeff_66,0.0015837527145017968
right_ankle_angle__fft_coefficient__attr_"real"__coeff_44,0.0016952847805166038
left_hip_angle__agg_linear_trend__attr_"slope"__chunk_len_50__f_agg_"var",0.00040203591649275584
right_hip_angle__change_quantiles__f_agg_"mean"__isabs_True__qh_0.4__ql_0.0,0.0005442769724278909
right_knee_angle__fft_coefficient__attr_"imag"__coeff_44,0.0001600294847077054
right_ankle_angle__fft_coefficient__attr_"real"__coeff_52,0.0005931365040146392
right_ankle_angle__fft_coefficient__attr_"imag"__coeff_35,0.00027187467589923113
right_ankle_angle__fft_coefficient__attr_"real"__coeff_68,0.0022542471272866786
right_ankle_angle__change_quantiles__f_agg_"mean"__isabs_True__qh_1.0__ql_0.4,0.00104597001546713
left_knee_angle__change_quantiles__f_agg_"var"__isabs_True__qh_1.0__ql_0.2,5.9241643651780296e-06
right_knee_angle__fft_coefficient__attr_"imag"__coeff_36,0.00036676581515833646
right_ankle_angle__fft_coefficient__attr_"real"__coeff_88,9.9240624510819e-05
right_ankle_angle__fft_coefficient__attr_"real"__coeff_90,0.0007219972344561142
right_knee_angle__fft_coefficient__attr_"imag"__coeff_3,0.005539626657747329
right_knee_angle__agg_linear_trend__attr_"slope"__chunk_len_50__f_agg_"max",7.796077681032439e-05
right_knee_angle__fft_coefficient__attr_"real"__coeff_63,7.553067188333172e-05
right_knee_angle__fft_coefficient__attr_"imag"__coeff_38,0.0001665040692811241
right_ankle_angle__agg_linear_trend__attr_"slope"__chunk_len_50__f_agg_"var",1.8137224715743686e-05
right_knee_angle__count_below_mean,0.0002730287809609424
right_knee_angle__fft_coefficient__attr_"real"__coeff_50,0.0004208847853085788
right_knee_angle__fft_coefficient__attr_"imag"__coeff_59,0.000157903113408577
right_knee_angle__fft_coefficient__attr_"imag"__coeff_49,0.00016075311344345818
right_ankle_angle__fft_coefficient__attr_"imag"__coeff_49,9.08718905590689e-05
right_knee_angle__fft_coefficient__attr_"real"__coeff_85,0.0009095272212952261
right_knee_angle__fft_coefficient__attr_"imag"__coeff_41,7.939355674984623e-05
left_knee_angle__change_quantiles__f_agg_"var"__isabs_False__qh_1.0__ql_0.0,6.0647610631480375e-05
right_knee_angle__agg_linear_trend__attr_"stderr"__chunk_len_10__f_agg_"var",0.0005047747514988676
left_hip_angle__agg_linear_trend__attr_"rvalue"__chunk_len_10__f_agg_"var",0.0035545094108155218
right_ankle_angle__change_quantiles__f_agg_"mean"__isabs_True__qh_1.0__ql_0.6,0.0012569138830588963
left_hip_angle__change_quantiles__f_agg_"var"__isabs_False__qh_1.0__ql_0.0,1.5492823967337333e-05
left_ankle_angle__agg_linear_trend__attr_"stderr"__chunk_len_10__f_agg_"mean",0.0002904170904312759
left_knee_angle__mean_abs_change,0.00015644115996646323
right_ankle_angle__change_quantiles__f_agg_"mean"__isabs_True__qh_1.0__ql_0.2,0.0022554373743889837
left_knee_angle__change_quantiles__f_agg_"mean"__isabs_True__qh_1.0__ql_0.0,0.00015988940836195889
right_ankle_angle__quantile__q_0.1,0.0026601180381322
left_hip_angle__change_quantiles__f_agg_"var"__isabs_True__qh_1.0__ql_0.0,4.087130159361966e-06
right_ankle_angle__fft_coefficient__attr_"real"__coeff_47,0.00039678787473399016
right_knee_angle__fft_coefficient__attr_"real"__coeff_73,7.0806452964495e-05
left_knee_angle__agg_linear_trend__attr_"stderr"__chunk_len_10__f_agg_"max",0.00026570843907778566
right_ankle_angle__fft_coefficient__attr_"real"__coeff_84,0.00019314990102341597
right_ankle_angle__minimum,0.0014532138021813269
right_knee_angle__fft_coefficient__attr_"real"__coeff_76,0.00036091172020406034
right_knee_angle__fft_coefficient__attr_"imag"__coeff_64,0.00047646764825879517
right_knee_angle__mean_change,7.002503685448823e-05
right_knee_angle__change_quantiles__f_agg_"mean"__isabs_False__qh_1.0__ql_0.0,8.193702523799922e-05
left_knee_angle__change_quantiles__f_agg_"var"__isabs_True__qh_1.0__ql_0.4,2.9917668557759238e-05
right_hip_angle__change_quantiles__f_agg_"mean"__isabs_True__qh_1.0__ql_0.2,0.001304653721174697
right_ankle_angle__fft_coefficient__attr_"imag"__coeff_27,0.002218881246751271
right_knee_angle__fft_coefficient__attr_"real"__coeff_74,0.0004970140942098926
left_ankle_angle__linear_trend__attr_"stderr",1.1741056914525962e-05
left_knee_angle__change_quantiles__f_agg_"mean"__isabs_True__qh_1.0__ql_0.2,0.0005769939244475702
right_knee_angle__fft_coefficient__attr_"imag"__coeff_21,0.0022276117290325904
right_knee_angle__fft_coefficient__attr_"real"__coeff_67,0.00017608352259679662
left_ankle_angle__agg_linear_trend__attr_"stderr"__chunk_len_5__f_agg_"min",0.00020927614317258207
right_knee_angle__fft_coefficient__attr_"real"__coeff_82,6.765117887025656e-05
right_knee_angle__fft_coefficient__attr_"imag"__coeff_26,0.003154857113581215
right_knee_angle__fft_coefficient__attr_"imag"__coeff_48,0.00013501867015869927
left_ankle_angle__agg_linear_trend__attr_"stderr"__chunk_len_5__f_agg_"mean",7.235791633152292e-05
right_knee_angle__fft_coefficient__attr_"imag"__coeff_46,0.00011035377389074377
right_ankle_angle__abs_energy,0.0021968145310388796
right_hip_angle__mean_second_derivative_central,0.007318459757344406
right_knee_angle__fft_aggregated__aggtype_"variance",0.0004031408509997734
right_knee_angle__agg_linear_trend__attr_"rvalue"__chunk_len_5__f_agg_"var",0.0002790789419429401
right_knee_angle__fft_coefficient__attr_"real"__coeff_80,0.00015120634464108266
right_ankle_angle__agg_linear_trend__attr_"stderr"__chunk_len_5__f_agg_"var",0.0
right_knee_angle__fft_coefficient__attr_"real"__coeff_88,0.0003307667989013561
right_knee_angle__fft_coefficient__attr_"imag"__coeff_61,0.0010443617291337201
left_knee_angle__change_quantiles__f_agg_"mean"__isabs_True__qh_1.0__ql_0.4,0.00014672036555277038
right_knee_angle__fft_coefficient__attr_"real"__coeff_83,0.00014857132092175834
right_hip_angle__agg_linear_trend__attr_"stderr"__chunk_len_5__f_agg_"min",0.00026225676449562977
right_ankle_angle__cid_ce__normalize_False,0.006113607598577951
right_hip_angle__change_quantiles__f_agg_"var"__isabs_True__qh_0.4__ql_0.0,1.0360837398070461e-06
right_ankle_angle__fft_coefficient__attr_"real"__coeff_83,7.445430867131055e-05
right_ankle_angle__fft_coefficient__attr_"real"__coeff_46,0.0005656243046733382
right_knee_angle__agg_linear_trend__attr_"slope"__chunk_len_50__f_agg_"var",0.0007594710465096256
right_ankle_angle__fft_coefficient__attr_"real"__coeff_70,0.0007082626358215383
left_hip_angle__change_quantiles__f_agg_"var"__isabs_False__qh_0.8__ql_0.0,6.514348756853444e-06
right_ankle_angle__agg_linear_trend__attr_"stderr"__chunk_len_50__f_agg_"max",0.01093544017009721
left_hip_angle__agg_linear_trend__attr_"stderr"__chunk_len_5__f_agg_"max",0.00032942827313979577
right_knee_angle__fft_coefficient__attr_"imag"__coeff_28,0.001070144163426617
left_knee_angle__change_quantiles__f_agg_"var"__isabs_True__qh_1.0__ql_0.0,4.47717836606318e-05
right_knee_angle__fft_coefficient__attr_"imag"__coeff_62,0.0018254506472706192
right_knee_angle__abs_energy,0.0025805111588052755
right_ankle_angle__fft_coefficient__attr_"imag"__coeff_61,0.0006801491846047163
right_ankle_angle__agg_linear_trend__attr_"rvalue"__chunk_len_50__f_agg_"max",5.862050761817233e-05
right_knee_angle__fft_coefficient__attr_"real"__coeff_65,0.001045309213983508
right_knee_angle__time_reversal_asymmetry_statistic__lag_1,0.0
left_hip_angle__change_quantiles__f_agg_"var"__isabs_False__qh_0.6__ql_0.0,1.818039578147541e-07
right_knee_angle__fft_coefficient__attr_"imag"__coeff_24,0.00173131440114207
right_knee_angle__fft_coefficient__attr_"real"__coeff_89,0.0003689212818536217
right_ankle_angle__fft_coefficient__attr_"real"__coeff_39,0.0003982938051073714
right_ankle_angle__fft_coefficient__attr_"real"__coeff_42,0.0001995320860628756
left_ankle_angle__change_quantiles__f_agg_"mean"__isabs_True__qh_1.0__ql_0.2,0.008103153971409548
left_hip_angle__change_quantiles__f_agg_"mean"__isabs_True__qh_0.2__ql_0.0,0.0010094723475471742
right_ankle_angle__fft_coefficient__attr_"real"__coeff_72,0.00032187930832860707
right_ankle_angle__fft_coefficient__attr_"real"__coeff_86,0.0003558290709869844
right_knee_angle__fft_coefficient__attr_"imag"__coeff_43,0.00019984490787804406
right_knee_angle__agg_linear_trend__attr_"intercept"__chunk_len_5__f_agg_"var",0.00010193426347158335
left_hip_angle__change_quantiles__f_agg_"var"__isabs_True__qh_0.8__ql_0.0,0.0
right_ankle_angle__fft_coefficient__attr_"imag"__coeff_48,0.00020436205760182411
left_knee_angle__fft_coefficient__attr_"real"__coeff_60,0.0016718063639839583
right_knee_angle__fft_coefficient__attr_"real"__coeff_68,0.0002762877315451852
right_ankle_angle__fft_coefficient__attr_"angle"__coeff_27,0.0015085992133750032
left_hip_angle__agg_linear_trend__attr_"rvalue"__chunk_len_5__f_agg_"var",0.0024412692445313633
left_knee_angle__change_quantiles__f_agg_"mean"__isabs_True__qh_1.0__ql_0.6,0.00021632547138193087
left_hip_angle__change_quantiles__f_agg_"mean"__isabs_True__qh_0.6__ql_0.0,0.0010518783876073752
right_ankle_angle__fft_coefficient__attr_"real"__coeff_37,0.00014755225512161073
right_knee_angle__fft_coefficient__attr_"imag"__coeff_70,0.00269652267280889
right_ankle_angle__mean_second_derivative_central,0.0012650894751258695
right_knee_angle__fft_coefficient__attr_"real"__coeff_79,8.041687949807999e-05
right_ankle_angle__fft_coefficient__attr_"real"__coeff_74,0.0001471964159365655
left_hip_angle__agg_linear_trend__attr_"stderr"__chunk_len_10__f_agg_"var",7.1073230271779255e-06
right_knee_angle__fft_coefficient__attr_"imag"__coeff_37,9.011023894555696e-05
right_ankle_angle__fft_coefficient__attr_"imag"__coeff_50,0.0007724726347963717
right_knee_angle__agg_linear_trend__attr_"rvalue"__chunk_len_50__f_agg_"max",9.594717286868427e-05
right_hip_angle__linear_trend__attr_"stderr",3.201435909517536e-05
left_ankle_angle__agg_linear_trend__attr_"stderr"__chunk_len_5__f_agg_"max",0.0001044225096690307
right_knee_angle__fft_coefficient__attr_"real"__coeff_90,0.0005811743143050453
right_hip_angle__change_quantiles__f_agg_"mean"__isabs_True__qh_1.0__ql_0.4,0.0011335582097229304
right_knee_angle__quantile__q_0.1,0.0005761320560601863
right_ankle_angle__fft_coefficient__attr_"real"__coeff_80,0.00034748462104386944
right_knee_angle__fft_coefficient__attr_"real"__coeff_71,0.0003825155415278654
right_knee_angle__fft_coefficient__attr_"imag"__coeff_55,0.0004996150393034346
right_hip_angle__agg_linear_trend__attr_"stderr"__chunk_len_5__f_agg_"mean",0.00013934404183378244
left_ankle_angle__change_quantiles__f_agg_"mean"__isabs_True__qh_1.0__ql_0.0,0.00037523007001260633
left_ankle_angle__mean_abs_change,0.0009460136477100269
right_knee_angle__fft_coefficient__attr_"imag"__coeff_32,0.00016151784652522946
left_knee_angle__agg_linear_trend__attr_"stderr"__chunk_len_10__f_agg_"min",0.0004872257909575687
right_knee_angle__fft_coefficient__attr_"imag"__coeff_40,0.00014744789475021818
left_hip_angle__change_quantiles__f_agg_"var"__isabs_True__qh_0.6__ql_0.0,6.151881446644622e-08
left_hip_angle__change_quantiles__f_agg_"mean"__isabs_True__qh_1.0__ql_0.0,0.0013244014909545318
left_hip_angle__mean_abs_change,0.0009507001257169483
left_hip_angle__change_quantiles__f_agg_"mean"__isabs_True__qh_0.4__ql_0.0,0.000519850542398979
right_ankle_angle__fft_coefficient__attr_"imag"__coeff_59,0.00048408697666416236
left_hip_angle__quantile__q_0.1,0.02721198370802468
right_ankle_angle__fft_coefficient__attr_"imag"__coeff_34,0.00026759432569387553
left_knee_angle__change_quantiles__f_agg_"var"__isabs_False__qh_1.0__ql_0.6,6.968598724488524e-05
right_hip_angle__change_quantiles__f_agg_"var"__isabs_False__qh_0.2__ql_0.0,1.7402284358283784e-05
left_knee_angle__change_quantiles__f_agg_"var"__isabs_False__qh_0.8__ql_0.0,2.8398949328081516e-05
left_hip_angle__change_quantiles__f_agg_"var"__isabs_False__qh_0.4__ql_0.0,2.3292319824181525e-06
left_knee_angle__agg_linear_trend__attr_"slope"__chunk_len_5__f_agg_"max",0.000887767208218555
left_knee_angle__agg_linear_trend__attr_"rvalue"__chunk_len_10__f_agg_"var",0.0033026507977916893
right_knee_angle__fft_coefficient__attr_"real"__coeff_72,0.0005410782458492378
right_ankle_angle__number_peaks__n_3,0.0002488407217481884
right_ankle_angle__fft_coefficient__attr_"imag"__coeff_32,0.000789306527085645
right_shoulder_angle__time_reversal_asymmetry_statistic__lag_1,0.0
left_hip_angle__change_quantiles__f_agg_"mean"__isabs_True__qh_0.8__ql_0.0,0.0022580141031057835
right_shoulder_angle__count_above_mean,0.001677060054700114
right_ankle_angle__fft_coefficient__attr_"real"__coeff_38,0.00012072475327694981
left_hip_angle__agg_linear_trend__attr_"stderr"__chunk_len_10__f_agg_"mean",0.0038692344988641584
left_knee_angle__change_quantiles__f_agg_"var"__isabs_True__qh_0.8__ql_0.0,2.9010400469293193e-05
right_knee_angle__fft_coefficient__attr_"real"__coeff_57,0.0007083165576257926
right_knee_angle__fft_coefficient__attr_"imag"__coeff_27,0.0002721194611175692
right_knee_angle__agg_linear_trend__attr_"stderr"__chunk_len_50__f_agg_"max",0.0022008443629800514
right_ankle_angle__fft_coefficient__attr_"real"__coeff_77,0.0002462803572492731
right_knee_angle__fft_coefficient__attr_"angle"__coeff_2,0.007726817937450482
left_hip_angle__agg_linear_trend__attr_"stderr"__chunk_len_5__f_agg_"var",0.0
right_hip_angle__change_quantiles__f_agg_"mean"__isabs_True__qh_0.2__ql_0.0,0.00038880816773471396
left_ankle_angle__change_quantiles__f_agg_"var"__isabs_False__qh_0.8__ql_0.2,0.0
right_ankle_angle__fft_coefficient__attr_"real"__coeff_56,0.000862288755625724
left_knee_angle__change_quantiles__f_agg_"mean"__isabs_True__qh_0.8__ql_0.0,0.0007460741768423568
right_knee_angle__fft_coefficient__attr_"real"__coeff_93,9.694822285333402e-05
right_knee_angle__fft_coefficient__attr_"real"__coeff_44,0.00044614427479130477
right_knee_angle__mean_second_derivative_central,0.012497408977259135
right_shoulder_angle__agg_linear_trend__attr_"stderr"__chunk_len_5__f_agg_"max",0.0012859715887698607
right_knee_angle__fft_coefficient__attr_"imag"__coeff_74,0.0012680830876293455
right_ankle_angle__fft_coefficient__attr_"angle"__coeff_63,0.0006294347970657733
right_knee_angle__fft_coefficient__attr_"imag"__coeff_29,0.0012791393493215002
right_ankle_angle__fft_aggregated__aggtype_"variance",0.0007337852051079397
right_knee_angle__change_quantiles__f_agg_"mean"__isabs_False__qh_1.0__ql_0.2,0.00012393158734738514
right_shoulder_angle__agg_linear_trend__attr_"stderr"__chunk_len_10__f_agg_"max",0.000865222717990384
left_knee_angle__fft_coefficient__attr_"real"__coeff_72,0.0010557736437930008
right_knee_angle__fft_coefficient__attr_"angle"__coeff_1,0.0011327853858353262
right_knee_angle__fft_coefficient__attr_"real"__coeff_84,0.00013171246592530848
right_ankle_angle__fft_coefficient__attr_"real"__coeff_71,0.00041267285229230655
left_ankle_angle__change_quantiles__f_agg_"mean"__isabs_True__qh_0.8__ql_0.0,0.002559185715957633
right_knee_angle__fft_coefficient__attr_"real"__coeff_86,0.00011364429695566868
right_knee_angle__agg_linear_trend__attr_"stderr"__chunk_len_50__f_agg_"var",0.00018982073428776755
right_ankle_angle__fft_coefficient__attr_"real"__coeff_36,0.00013049140891991154
right_ankle_angle__change_quantiles__f_agg_"var"__isabs_False__qh_0.4__ql_0.0,0.0
right_ankle_angle__fft_coefficient__attr_"imag"__coeff_54,0.0008787465698103477
right_hip_angle__agg_linear_trend__attr_"stderr"__chunk_len_10__f_agg_"min",0.00010529909399334586
left_ankle_angle__change_quantiles__f_agg_"mean"__isabs_True__qh_0.8__ql_0.2,0.0026400560280127267
right_ankle_angle__agg_linear_trend__attr_"slope"__chunk_len_10__f_agg_"max",0.0003354661420818755
right_knee_angle__c3__lag_1,4.7214670311990154e-06
right_knee_angle__fft_coefficient__attr_"real"__coeff_59,0.00023564667714801862
right_knee_angle__fft_coefficient__attr_"real"__coeff_39,0.00022090765658550984
right_ankle_angle__fft_coefficient__attr_"real"__coeff_59,0.0003173117868661662
right_knee_angle__fft_coefficient__attr_"imag"__coeff_34,0.0003123663871160541
right_ankle_angle__fft_coefficient__attr_"real"__coeff_91,0.0009519826721379911
right_knee_angle__fft_coefficient__attr_"real"__coeff_47,0.00016800272116737627
left_hip_angle__agg_linear_trend__attr_"slope"__chunk_len_10__f_agg_"max",0.0005379295481442732
left_hip_angle__change_quantiles__f_agg_"var"__isabs_True__qh_0.4__ql_0.0,3.6444167253330307e-06
right_knee_angle__fft_coefficient__attr_"imag"__coeff_52,0.0007758749259891119
right_knee_angle__fft_coefficient__attr_"real"__coeff_56,0.00030823793674251136
left_knee_angle__fft_coefficient__attr_"real"__coeff_47,0.0015102447659713118
right_ankle_angle__change_quantiles__f_agg_"mean"__isabs_True__qh_0.4__ql_0.0,0.0004568760348726817
left_knee_angle__fft_aggregated__aggtype_"variance",0.00031959926077218716
right_ankle_angle__fft_coefficient__attr_"imag"__coeff_29,0.0019109036428881774
left_ankle_angle__change_quantiles__f_agg_"mean"__isabs_True__qh_1.0__ql_0.4,0.0005828759248885047
right_knee_angle__fft_coefficient__attr_"imag"__coeff_65,0.0006995281235370847
right_ankle_angle__fft_coefficient__attr_"imag"__coeff_76,0.0007385467875527704
right_knee_angle__agg_linear_trend__attr_"rvalue"__chunk_len_50__f_agg_"var",0.0003111316227546123
right_ankle_angle__fft_coefficient__attr_"real"__coeff_93,0.00010099734281694651
right_ankle_angle__change_quantiles__f_agg_"mean"__isabs_True__qh_0.2__ql_0.0,0.0018583143782141716
right_knee_angle__fft_coefficient__attr_"imag"__coeff_68,0.00018912659005439328
left_ankle_angle__change_quantiles__f_agg_"mean"__isabs_True__qh_1.0__ql_0.6,0.0012343104029471342
left_hip_angle__change_quantiles__f_agg_"var"__isabs_False__qh_1.0__ql_0.2,8.483471313392426e-07
right_knee_angle__fft_coefficient__attr_"real"__coeff_45,0.00010993280926600487
right_knee_angle__fft_coefficient__attr_"real"__coeff_43,4.732963567808898e-05
right_knee_angle__fft_coefficient__attr_"real"__coeff_64,0.00019848009524023124
left_hip_angle__change_quantiles__f_agg_"var"__isabs_True__qh_1.0__ql_0.2,0.0
left_hip_angle__change_quantiles__f_agg_"var"__isabs_False__qh_1.0__ql_0.4,6.624569040741509e-06
right_knee_angle__fft_aggregated__aggtype_"centroid",0.0009727883190242147
right_knee_angle__change_quantiles__f_agg_"var"__isabs_True__qh_0.2__ql_0.0,0.00013269495366961906
left_knee_angle__change_quantiles__f_agg_"mean"__isabs_True__qh_0.4__ql_0.0,0.0006725480990946796
right_knee_angle__fft_coefficient__attr_"imag"__coeff_22,0.0023610768957741013
right_knee_angle__change_quantiles__f_agg_"mean"__isabs_False__qh_1.0__ql_0.4,0.0001801148756425148
right_knee_angle__fft_coefficient__attr_"imag"__coeff_45,0.00012800227227542345
right_hip_angle__change_quantiles__f_agg_"var"__isabs_False__qh_1.0__ql_0.0,1.5175399369301072e-05
right_ankle_angle__change_quantiles__f_agg_"var"__isabs_True__qh_0.4__ql_0.0,0.0
right_knee_angle__fft_coefficient__attr_"real"__coeff_42,8.068362963886638e-05
right_ankle_angle__change_quantiles__f_agg_"var"__isabs_False__qh_0.2__ql_0.0,0.0
right_knee_angle__change_quantiles__f_agg_"mean"__isabs_False__qh_1.0__ql_0.8,0.00011113207389575984
right_knee_angle__fft_coefficient__attr_"imag"__coeff_63,0.00045071519353682136
right_hip_angle__change_quantiles__f_agg_"var"__isabs_True__qh_0.2__ql_0.0,1.3489812263888625e-06
right_knee_angle__fft_coefficient__attr_"real"__coeff_69,0.0004668292937670824
left_knee_angle__fft_coefficient__attr_"real"__coeff_41,0.0006507562665772822
right_ankle_angle__fft_coefficient__attr_"real"__coeff_65,0.0013612587041706955
left_knee_angle__quantile__q_0.1,0.006286719258084932
right_ankle_angle__change_quantiles__f_agg_"var"__isabs_False__qh_0.6__ql_0.0,0.0
right_hip_angle__change_quantiles__f_agg_"var"__isabs_True__qh_0.8__ql_0.2,0.0
left_hip_angle__agg_linear_trend__attr_"stderr"__chunk_len_10__f_agg_"max",0.0001398883766298149
right_knee_angle__fft_coefficient__attr_"real"__coeff_53,0.00019722563560766083
left_knee_angle__change_quantiles__f_agg_"var"__isabs_True__qh_1.0__ql_0.6,7.775976450310927e-05
right_ankle_angle__change_quantiles__f_agg_"var"__isabs_False__qh_0.8__ql_0.0,0.0
right_knee_angle__fft_coefficient__attr_"abs"__coeff_4,0.0009105887351214731
right_hip_angle__agg_linear_trend__attr_"stderr"__chunk_len_10__f_agg_"mean",0.00026852082570154415
left_ankle_angle__agg_linear_trend__attr_"stderr"__chunk_len_10__f_agg_"min",0.0006726124854792211
right_knee_angle__agg_linear_trend__attr_"rvalue"__chunk_len_10__f_agg_"var",0.0006544107451991052
hip_angle__linear_trend__attr_"stderr",0.0
hip_angle__fft_aggregated__aggtype_"centroid",8.544803755949458e-05
right_knee_angle__fft_coefficient__attr_"real"__coeff_87,0.0001752551839899636
right_ankle_angle__agg_linear_trend__attr_"slope"__chunk_len_50__f_agg_"min",0.0028571267282723176
right_ankle_angle__fft_coefficient__attr_"real"__coeff_45,0.00020239390234594215
left_knee_angle__cid_ce__normalize_False,0.0003347115663223916
right_ankle_angle__change_quantiles__f_agg_"mean"__isabs_True__qh_0.6__ql_0.0,0.0008833160255124449
right_knee_angle__fft_coefficient__attr_"real"__coeff_70,0.0003006085143664852
left_hip_angle__change_quantiles__f_agg_"var"__isabs_False__qh_0.2__ql_0.0,2.8047647458198476e-05
left_knee_angle__fft_coefficient__attr_"real"__coeff_38,0.000257215254561281
left_knee_angle__change_quantiles__f_agg_"mean"__isabs_True__qh_0.6__ql_0.0,0.0006702508724575109
left_hip_angle__cid_ce__normalize_False,0.00052920659382386
left_ankle_angle__agg_linear_trend__attr_"stderr"__chunk_len_10__f_agg_"max",0.00016988646396876101
right_elbow_angle__fft_coefficient__attr_"imag"__coeff_34,0.0023972805309104162
right_knee_angle__fft_coefficient__attr_"real"__coeff_91,0.00011340231539806309
right_ankle_angle__number_peaks__n_5,8.345465302145197e-05
left_knee_angle__change_quantiles__f_agg_"mean"__isabs_True__qh_1.0__ql_0.8,0.0003796017194066097
left_knee_angle__change_quantiles__f_agg_"var"__isabs_True__qh_0.8__ql_0.2,1.726091077880882e-05
right_knee_angle__fft_coefficient__attr_"real"__coeff_62,0.0006509882871170774
left_ankle_angle__change_quantiles__f_agg_"var"__isabs_False__qh_1.0__ql_0.0,0.0
right_knee_angle__change_quantiles__f_agg_"mean"__isabs_False__qh_1.0__ql_0.6,0.0001155016585627243
right_ankle_angle__agg_linear_trend__attr_"slope"__chunk_len_5__f_agg_"var",0.0
left_knee_angle__fft_coefficient__attr_"real"__coeff_84,0.0008302688530025325
right_ankle_angle__fft_coefficient__attr_"real"__coeff_48,0.00019115267565509057
left_hip_angle__root_mean_square,0.0003415517671709468
right_hip_angle__change_quantiles__f_agg_"var"__isabs_False__qh_0.8__ql_0.2,4.420022235278218e-07
right_hip_angle__index_mass_quantile__q_0.9,0.0058966915225348695
right_knee_angle__fft_coefficient__attr_"imag"__coeff_77,0.00041680595087296903
right_shoulder_angle__agg_linear_trend__attr_"slope"__chunk_len_50__f_agg_"max",0.0030450760955776706
right_knee_angle__fft_coefficient__attr_"imag"__coeff_50,0.00038431080435750146
right_knee_angle__fft_coefficient__attr_"imag"__coeff_82,0.00021180436641939163
right_hip_angle__quantile__q_0.8,0.0008366050399381049
right_elbow_angle__fft_coefficient__attr_"imag"__coeff_33,0.0016575020020984123
left_hip_angle__standard_deviation,0.00038418238924315903
left_knee_angle__variance,6.403808159566933e-05
left_hip_angle__variance,0.00011533756151725432
left_knee_angle__standard_deviation,8.96492664065012e-05
left_knee_angle__root_mean_square,0.00015647290761741184
right_ankle_angle__fft_coefficient__attr_"real"__coeff_87,8.627369091765504e-05
right_ankle_angle__fft_coefficient__attr_"angle"__coeff_25,0.0007483633935815774
right_hip_angle__minimum,0.0005834666666719097
right_knee_angle__fft_coefficient__attr_"real"__coeff_48,0.00031527341636882123
right_knee_angle__fft_coefficient__attr_"real"__coeff_51,0.00018416446175944308
right_knee_angle__agg_linear_trend__attr_"slope"__chunk_len_10__f_agg_"min",0.0008517345781625434
right_knee_angle__quantile__q_0.2,0.0011004441823063385
right_knee_angle__fft_coefficient__attr_"real"__coeff_61,0.00037734203338999207
right_knee_angle__fft_coefficient__attr_"real"__coeff_40,8.485743457171405e-05
left_ankle_angle__change_quantiles__f_agg_"mean"__isabs_False__qh_1.0__ql_0.2,0.0006334750560020622
right_knee_angle__fft_coefficient__attr_"imag"__coeff_1,0.0023229425317882186
left_knee_angle__change_quantiles__f_agg_"var"__isabs_False__qh_0.8__ql_0.2,8.060701146926366e-06
left_ankle_angle__change_quantiles__f_agg_"var"__isabs_False__qh_0.8__ql_0.0,0.0
right_ankle_angle__fft_coefficient__attr_"real"__coeff_94,6.799196781227994e-05
right_ankle_angle__fft_coefficient__attr_"imag"__coeff_75,0.0005349280706198738
left_knee_angle__change_quantiles__f_agg_"var"__isabs_False__qh_0.6__ql_0.0,3.1086551087194873e-05
right_ankle_angle__fft_coefficient__attr_"imag"__coeff_63,0.0007138469207890666
left_ankle_angle__agg_linear_trend__attr_"slope"__chunk_len_10__f_agg_"var",0.0
right_knee_angle__fft_coefficient__attr_"angle"__coeff_75,0.001411229843237715
right_ankle_angle__time_reversal_asymmetry_statistic__lag_3,0.0
left_ankle_angle__agg_linear_trend__attr_"stderr"__chunk_len_50__f_agg_"min",0.003914121179153184
left_hip_angle__minimum,0.0004409568325199512
left_knee_angle__fft_coefficient__attr_"real"__coeff_73,0.0009027510619021019
right_elbow_angle__agg_linear_trend__attr_"slope"__chunk_len_10__f_agg_"max",0.0016398790448644766
left_knee_angle__change_quantiles__f_agg_"var"__isabs_False__qh_1.0__ql_0.8,8.131155761836984e-05
hip_angle__agg_linear_trend__attr_"stderr"__chunk_len_5__f_agg_"min",0.0
right_ankle_angle__change_quantiles__f_agg_"var"__isabs_True__qh_0.8__ql_0.0,0.0
right_ankle_angle__fft_coefficient__attr_"imag"__coeff_51,0.0005377262263911082
right_ankle_angle__change_quantiles__f_agg_"mean"__isabs_True__qh_0.8__ql_0.0,0.0007964286950821385
left_knee_angle__agg_linear_trend__attr_"intercept"__chunk_len_10__f_agg_"var",0.0007971745067340179
hip_angle__agg_linear_trend__attr_"stderr"__chunk_len_5__f_agg_"mean",0.0
right_shoulder_angle__agg_linear_trend__attr_"stderr"__chunk_len_5__f_agg_"mean",0.0006789246907427692
right_ankle_angle__fft_coefficient__attr_"real"__coeff_35,0.00022630433015407891
right_knee_angle__fft_coefficient__attr_"angle"__coeff_23,0.0031408382951949314
right_ankle_angle__fft_coefficient__attr_"imag"__coeff_30,0.00025284786423592013
right_knee_angle__agg_linear_trend__attr_"slope"__chunk_len_50__f_agg_"min",0.0005129644740767619
hip_angle__agg_linear_trend__attr_"stderr"__chunk_len_5__f_agg_"max",0.0
right_knee_angle__agg_linear_trend__attr_"stderr"__chunk_len_50__f_agg_"min",0.0004869330787167785
right_ankle_angle__fft_coefficient__attr_"real"__coeff_67,0.00010243283124602759
right_knee_angle__agg_linear_trend__attr_"slope"__chunk_len_10__f_agg_"max",0.0002345611960149245
left_knee_angle__fft_coefficient__attr_"real"__coeff_43,0.0017850018820366365
left_hip_angle__change_quantiles__f_agg_"var"__isabs_True__qh_1.0__ql_0.4,5.0254516564022665e-06
right_knee_angle__fft_coefficient__attr_"imag"__coeff_80,0.00017335104721005444
left_hip_angle__fft_coefficient__attr_"real"__coeff_9,0.0011523002419382784
right_knee_angle__fft_coefficient__attr_"imag"__coeff_67,0.00037979403922029496
left_knee_angle__agg_linear_trend__attr_"slope"__chunk_len_10__f_agg_"min",0.001555606972422451
left_ankle_angle__change_quantiles__f_agg_"var"__isabs_True__qh_0.8__ql_0.2,0.0
left_hip_angle__change_quantiles__f_agg_"var"__isabs_False__qh_1.0__ql_0.6,5.160145373075488e-06
right_knee_angle__fft_coefficient__attr_"angle"__coeff_74,0.00013641941931815985
right_ankle_angle__fft_coefficient__attr_"angle"__coeff_65,0.0012555818414297596
right_ankle_angle__fft_coefficient__attr_"angle"__coeff_75,0.0009187807703766651
right_ankle_angle__fft_coefficient__attr_"angle"__coeff_52,0.0014238028249789303
left_ankle_angle__change_quantiles__f_agg_"var"__isabs_False__qh_1.0__ql_0.2,0.0
right_knee_angle__fft_coefficient__attr_"imag"__coeff_33,0.00016167524804212697
right_ankle_angle__ar_coefficient__coeff_1__k_10,0.000250087826553854
right_ankle_angle__fft_coefficient__attr_"real"__coeff_6,0.0011937533156715567
left_knee_angle__change_quantiles__f_agg_"var"__isabs_True__qh_1.0__ql_0.8,4.910138743662873e-05
right_hip_angle__fft_coefficient__attr_"imag"__coeff_5,0.0010151086335198364
left_ankle_angle__change_quantiles__f_agg_"var"__isabs_False__qh_0.8__ql_0.4,0.0
right_ankle_angle__change_quantiles__f_agg_"var"__isabs_True__qh_0.6__ql_0.0,0.0
right_knee_angle__fft_coefficient__attr_"real"__coeff_49,0.00025292680386268496
right_knee_angle__fft_coefficient__attr_"real"__coeff_41,0.000126512164652256
right_hip_angle__quantile__q_0.9,0.0005986119071802147
right_hip_angle__change_quantiles__f_agg_"mean"__isabs_True__qh_0.8__ql_0.2,0.0010789269397990032
right_knee_angle__fft_coefficient__attr_"imag"__coeff_69,0.0006664973344504865
right_hip_angle__change_quantiles__f_agg_"mean"__isabs_True__qh_1.0__ql_0.6,0.00042307766788262594
right_ankle_angle__fft_coefficient__attr_"real"__coeff_50,0.0002114875198238557
right_ankle_angle__fft_coefficient__attr_"imag"__coeff_72,0.0003369395868705318
right_shoulder_angle__agg_linear_trend__attr_"stderr"__chunk_len_10__f_agg_"mean",0.0007983096537517166
right_shoulder_angle__fft_coefficient__attr_"abs"__coeff_51,0.000873229410317753
left_ankle_angle__agg_linear_trend__attr_"slope"__chunk_len_10__f_agg_"max",0.0028686877039416554
right_knee_angle__fft_coefficient__attr_"imag"__coeff_81,0.0003004094148806191
right_knee_angle__change_quantiles__f_agg_"var"__isabs_True__qh_0.6__ql_0.2,6.203909826799951e-06
right_ankle_angle__fft_coefficient__attr_"abs"__coeff_6,0.0010662937428547352
right_ankle_angle__fft_coefficient__attr_"real"__coeff_63,0.0013132695056178088
right_hip_angle__agg_linear_trend__attr_"stderr"__chunk_len_5__f_agg_"max",0.00027479427876818375
left_ankle_angle__agg_linear_trend__attr_"stderr"__chunk_len_5__f_agg_"var",0.0
right_knee_angle__fft_coefficient__attr_"real"__coeff_46,0.00023008959350633867
left_knee_angle__fft_coefficient__attr_"real"__coeff_79,0.0005765273985063442
right_ankle_angle__fft_coefficient__attr_"imag"__coeff_57,0.0002412275231213858
right_knee_angle__fft_coefficient__attr_"angle"__coeff_0,1.6309849900501514e-05
left_knee_angle__change_quantiles__f_agg_"var"__isabs_True__qh_0.8__ql_0.4,0.0
left_knee_angle__agg_linear_trend__attr_"stderr"__chunk_len_10__f_agg_"var",4.807492057317305e-05
right_knee_angle__change_quantiles__f_agg_"var"__isabs_False__qh_0.6__ql_0.2,1.6648048117814824e-05
left_knee_angle__change_quantiles__f_agg_"var"__isabs_False__qh_0.4__ql_0.0,7.195668220493966e-05
right_knee_angle__fft_coefficient__attr_"real"__coeff_94,9.37097307701983e-05
left_knee_angle__fft_coefficient__attr_"real"__coeff_40,0.0005471912062590295
left_hip_angle__agg_linear_trend__attr_"stderr"__chunk_len_50__f_agg_"var",3.013444073125059e-05
right_hip_angle__count_below_mean,0.00046887355820720645
right_knee_angle__fft_coefficient__attr_"real"__coeff_36,0.0002533846467940621
left_ankle_angle__change_quantiles__f_agg_"var"__isabs_False__qh_0.6__ql_0.0,0.0
left_knee_angle__maximum,0.0005783628259042601
right_ankle_angle__fft_coefficient__attr_"angle"__coeff_61,0.0010389105086259865
right_ankle_angle__fft_coefficient__attr_"real"__coeff_69,0.00018551995100778292
left_ankle_angle__change_quantiles__f_agg_"mean"__isabs_True__qh_0.8__ql_0.4,0.0008111653396120556
right_knee_angle__fft_coefficient__attr_"angle"__coeff_65,0.0004194623093541277
hip_angle__fft_aggregated__aggtype_"variance",7.622104196867107e-05
left_ankle_angle__root_mean_square,0.0007921308090303303
right_ankle_angle__fft_coefficient__attr_"imag"__coeff_53,0.0003628621130553394
right_elbow_angle__fft_coefficient__attr_"abs"__coeff_30,0.001578835736621082
left_ankle_angle__variance,6.746570188753073e-07
left_ankle_angle__standard_deviation,0.0011580858919764709
right_knee_angle__fft_coefficient__attr_"real"__coeff_55,0.00033980585845381155
left_knee_angle__agg_linear_trend__attr_"rvalue"__chunk_len_10__f_agg_"max",0.0003880772082681422
right_ankle_angle__fft_coefficient__attr_"real"__coeff_61,0.00017639391934115594
left_hip_angle__change_quantiles__f_agg_"var"__isabs_True__qh_1.0__ql_0.6,8.282632070982636e-07
left_ankle_angle__change_quantiles__f_agg_"var"__isabs_True__qh_0.4__ql_0.0,0.0
left_knee_angle__fft_coefficient__attr_"real"__coeff_68,0.0013439810329682674
left_knee_angle__range_count__max_1000000000000.0__min_0,0.0001665095597706058
left_knee_angle__fft_coefficient__attr_"real"__coeff_81,0.0005225010554064306
left_knee_angle__fft_coefficient__attr_"real"__coeff_65,0.0009328432169972381
right_knee_angle__fft_coefficient__attr_"real"__coeff_97,6.680197936423106e-05
left_knee_angle__fft_coefficient__attr_"real"__coeff_74,0.0027924250923879296
right_knee_angle__fft_coefficient__attr_"real"__coeff_54,0.0004978708660134221
hip_angle__agg_linear_trend__attr_"stderr"__chunk_len_10__f_agg_"min",2.877105693582117e-21
right_ankle_angle__fft_coefficient__attr_"abs"__coeff_32,0.0006263972389132567
left_knee_angle__fft_coefficient__attr_"imag"__coeff_43,0.0009321144046087231
left_shoulder_angle__agg_linear_trend__attr_"stderr"__chunk_len_5__f_agg_"max",0.0007953501134159959
left_ankle_angle__change_quantiles__f_agg_"mean"__isabs_True__qh_0.6__ql_0.0,0.0006792641152260137
left_knee_angle__change_quantiles__f_agg_"var"__isabs_True__qh_0.6__ql_0.0,1.2743032437582796e-05
right_shoulder_angle__linear_trend__attr_"stderr",0.00020115958457761758
right_shoulder_angle__fft_coefficient__attr_"real"__coeff_3,0.0010853446302342786
right_hip_angle__agg_linear_trend__attr_"stderr"__chunk_len_50__f_agg_"min",0.0010112763229179651
right_knee_angle__fft_coefficient__attr_"real"__coeff_92,0.00011573763173165827
left_ankle_angle__change_quantiles__f_agg_"var"__isabs_False__qh_0.4__ql_0.0,0.0
right_knee_angle__fft_coefficient__attr_"imag"__coeff_2,0.002012693240102321
right_knee_angle__fft_coefficient__attr_"imag"__coeff_88,0.0005430217862191568
right_ankle_angle__fft_coefficient__attr_"imag"__coeff_70,0.0013750842763299359
left_knee_angle__agg_linear_trend__attr_"slope"__chunk_len_5__f_agg_"min",0.005379755270232295
left_hip_angle__energy_ratio_by_chunks__num_segments_10__segment_focus_9,0.010162318270215296
right_ankle_angle__fft_coefficient__attr_"imag"__coeff_33,0.00023466857301362483
right_ankle_angle__change_quantiles__f_agg_"var"__isabs_True__qh_0.2__ql_0.0,0.0
right_ankle_angle__approximate_entropy__m_2__r_0.3,0.0008785446313949095
left_knee_angle__fft_aggregated__aggtype_"centroid",0.0006297528126345787
right_ankle_angle__fft_coefficient__attr_"imag"__coeff_55,0.00017943515192077783
right_knee_angle__fft_coefficient__attr_"angle"__coeff_78,0.00032679350012193906
right_ankle_angle__number_peaks__n_1,0.0002090487758628064
right_shoulder_angle__fft_coefficient__attr_"real"__coeff_35,0.0005749622771423578
right_hip_angle__quantile__q_0.7,0.0005106445118564342
right_knee_angle__fft_coefficient__attr_"angle"__coeff_26,0.002041025900875094
left_knee_angle__fft_coefficient__attr_"real"__coeff_58,0.0009732535828154701
left_knee_angle__fft_coefficient__attr_"real"__coeff_59,0.0023502204925921486
left_knee_angle__quantile__q_0.8,0.0018270693013726531
left_knee_angle__fft_coefficient__attr_"real"__coeff_89,0.00046861777424719316
left_knee_angle__change_quantiles__f_agg_"mean"__isabs_False__qh_1.0__ql_0.2,0.0008511511711112909
left_knee_angle__fft_coefficient__attr_"real"__coeff_46,0.0014034323469970275
right_hip_angle__fft_coefficient__attr_"angle"__coeff_5,0.0008047800644406564
left_hip_angle__change_quantiles__f_agg_"mean"__isabs_True__qh_1.0__ql_0.4,0.00044090097058443757
left_hip_angle__agg_linear_trend__attr_"slope"__chunk_len_10__f_agg_"min",0.0007326024620242226
left_knee_angle__fft_coefficient__attr_"real"__coeff_78,0.00034489222373315566
right_ankle_angle__fft_coefficient__attr_"angle"__coeff_59,0.00073571575776484
right_ankle_angle__fft_coefficient__attr_"real"__coeff_64,0.00044764887035151523
right_knee_angle__change_quantiles__f_agg_"mean"__isabs_True__qh_0.8__ql_0.2,0.0012231564490262454
left_ankle_angle__quantile__q_0.1,0.0005484481769105723
left_ankle_angle__change_quantiles__f_agg_"var"__isabs_True__qh_0.8__ql_0.0,0.0
right_ankle_angle__fft_coefficient__attr_"imag"__coeff_71,0.000493927641747706
right_ankle_angle__agg_linear_trend__attr_"slope"__chunk_len_5__f_agg_"max",0.00025511772163239324
left_knee_angle__fft_coefficient__attr_"real"__coeff_39,0.0015621353835174314
right_hip_angle__change_quantiles__f_agg_"var"__isabs_True__qh_0.8__ql_0.4,0.0
right_ankle_angle__fft_coefficient__attr_"imag"__coeff_58,0.0005386280929899638
right_ankle_angle__fft_coefficient__attr_"real"__coeff_60,0.0004196017959674913
right_knee_angle__fft_coefficient__attr_"imag"__coeff_84,0.0002586698515972156
left_hip_angle__change_quantiles__f_agg_"var"__isabs_True__qh_0.2__ql_0.0,6.77833467662763e-06
right_knee_angle__number_peaks__n_10,7.478951216859698e-05
hip_angle__agg_linear_trend__attr_"stderr"__chunk_len_10__f_agg_"mean",0.0
left_ankle_angle__mean_change,0.00034107527647608935
left_ankle_angle__change_quantiles__f_agg_"mean"__isabs_False__qh_1.0__ql_0.0,0.00017991205443837282
left_knee_angle__fft_coefficient__attr_"real"__coeff_37,0.0004908978094196306
right_shoulder_angle__fft_coefficient__attr_"real"__coeff_37,0.00042307567842131275
right_elbow_angle__fft_coefficient__attr_"imag"__coeff_44,0.0005537902245208723
left_ankle_angle__time_reversal_asymmetry_statistic__lag_1,0.0
left_ankle_angle__change_quantiles__f_agg_"var"__isabs_False__qh_1.0__ql_0.6,0.0
right_knee_angle__agg_linear_trend__attr_"slope"__chunk_len_50__f_agg_"mean",0.006515729802718149
right_shoulder_angle__time_reversal_asymmetry_statistic__lag_2,0.0
left_hip_angle__change_quantiles__f_agg_"mean"__isabs_True__qh_1.0__ql_0.2,0.0007162049402102167
right_knee_angle__change_quantiles__f_agg_"var"__isabs_False__qh_0.8__ql_0.4,5.399446134851564e-06
left_hip_angle__agg_linear_trend__attr_"rvalue"__chunk_len_10__f_agg_"max",0.0006232272409423271
right_knee_angle__fft_coefficient__attr_"imag"__coeff_87,0.000987968604852733
left_knee_angle__quantile__q_0.2,0.001226013590765806
right_knee_angle__change_quantiles__f_agg_"var"__isabs_False__qh_0.8__ql_0.2,4.1555775456353445e-05
left_hip_angle__agg_linear_trend__attr_"rvalue"__chunk_len_50__f_agg_"var",0.0039698175674710194
right_ankle_angle__agg_linear_trend__attr_"stderr"__chunk_len_10__f_agg_"min",0.0005790647239958472
right_ankle_angle__fft_coefficient__attr_"real"__coeff_33,0.00017958898325880565
left_ankle_angle__change_quantiles__f_agg_"var"__isabs_True__qh_0.6__ql_0.0,0.0
left_knee_angle__number_peaks__n_1,0.00037697673129459075
right_ankle_angle__fft_coefficient__attr_"imag"__coeff_81,0.00026262106891981863
right_ankle_angle__fft_coefficient__attr_"imag"__coeff_65,0.0006055346519697887
right_elbow_angle__agg_linear_trend__attr_"slope"__chunk_len_10__f_agg_"var",0.0003908387716043571
right_shoulder_angle__fft_coefficient__attr_"real"__coeff_44,0.0002466677885987201
right_ankle_angle__fft_coefficient__attr_"real"__coeff_62,0.0012680821314401095
left_ankle_angle__change_quantiles__f_agg_"var"__isabs_False__qh_1.0__ql_0.4,0.0
left_knee_angle__change_quantiles__f_agg_"var"__isabs_False__qh_0.8__ql_0.4,3.7344521139017282e-06
right_ankle_angle__c3__lag_1,0.0
right_ankle_angle__fft_coefficient__attr_"imag"__coeff_78,0.0003574435073803262
right_ankle_angle__fft_coefficient__attr_"imag"__coeff_28,0.0008494149957732918
left_knee_angle__agg_linear_trend__attr_"rvalue"__chunk_len_5__f_agg_"max",0.0005599843039284449
right_ankle_angle__index_mass_quantile__q_0.9,0.0011518295909609786
left_knee_angle__change_quantiles__f_agg_"mean"__isabs_True__qh_0.2__ql_0.0,0.0010653913218381305
right_ankle_angle__fft_coefficient__attr_"real"__coeff_31,0.0008385264279310419
right_ankle_angle__fft_coefficient__attr_"real"__coeff_53,0.0002482962177421049
left_hip_angle__change_quantiles__f_agg_"mean"__isabs_True__qh_1.0__ql_0.6,0.00026679787068382104
right_ankle_angle__fft_coefficient__attr_"abs"__coeff_31,0.001396486117018344
right_knee_angle__agg_linear_trend__attr_"intercept"__chunk_len_10__f_agg_"var",0.0002849990154253387
right_hip_angle__change_quantiles__f_agg_"var"__isabs_False__qh_0.8__ql_0.4,0.0
right_ankle_angle__fft_coefficient__attr_"real"__coeff_92,0.00020521933551037152
right_knee_angle__fft_coefficient__attr_"abs"__coeff_6,0.0006181471693225366
hip_angle__agg_linear_trend__attr_"stderr"__chunk_len_5__f_agg_"var",0.0
left_ankle_angle__lempel_ziv_complexity__bins_2,0.00019291396176376592
right_ankle_angle__fft_coefficient__attr_"real"__coeff_98,0.000148082924212663
right_ankle_angle__fft_coefficient__attr_"imag"__coeff_79,0.00015850968679232357
left_knee_angle__change_quantiles__f_agg_"var"__isabs_True__qh_0.8__ql_0.6,1.150862508250951e-06
left_knee_angle__ar_coefficient__coeff_0__k_10,0.005021683973067457
left_ankle_angle__count_below_mean,0.0004172167612756225
right_knee_angle__fft_coefficient__attr_"imag"__coeff_51,0.00029551859728701085
right_shoulder_angle__change_quantiles__f_agg_"mean"__isabs_False__qh_1.0__ql_0.6,0.006666614405704383
right_knee_angle__fft_coefficient__attr_"imag"__coeff_79,0.00022828505330980826
right_ankle_angle__fft_coefficient__attr_"angle"__coeff_76,0.0006941885397639141
right_shoulder_angle__ar_coefficient__coeff_0__k_10,0.001539952184490808
right_ankle_angle__fft_coefficient__attr_"real"__coeff_96,0.0002095205498924022
right_knee_angle__agg_autocorrelation__f_agg_"mean"__maxlag_40,0.00043486373117907016
right_ankle_angle__quantile__q_0.2,0.000992325197821204
hip_angle__range_count__max_1000000000000.0__min_0,0.0003255168326598239
right_elbow_angle__fft_coefficient__attr_"imag"__coeff_31,0.0009372918191269678
right_knee_angle__absolute_sum_of_changes,0.0029544113217087244
left_hip_angle__autocorrelation__lag_6,0.0009159906561843509
left_knee_angle__fft_coefficient__attr_"real"__coeff_82,0.0004414962172211003
right_shoulder_angle__fft_coefficient__attr_"real"__coeff_31,0.0005635704850836989
left_ankle_angle__change_quantiles__f_agg_"mean"__isabs_True__qh_0.8__ql_0.6,0.0011670589235560256
left_knee_angle__change_quantiles__f_agg_"mean"__isabs_True__qh_0.8__ql_0.2,0.0004981583315307663
left_ankle_angle__change_quantiles__f_agg_"var"__isabs_True__qh_1.0__ql_0.0,0.0
right_elbow_angle__fft_coefficient__attr_"imag"__coeff_35,0.0011456424126901166
left_hip_angle__fft_coefficient__attr_"angle"__coeff_13,0.003305810728801282
right_hip_angle__fft_coefficient__attr_"abs"__coeff_2,0.000510658026448125
hip_angle__length,5.9135751459330555e-05
right_hip_angle__range_count__max_1__min_-1,5.3071149150614786e-05
left_knee_angle__range_count__max_1__min_-1,3.507823282894093e-05
left_shoulder_angle__length,6.241224932677862e-05
right_hip_angle__length,2.6916515117357316e-05
right_knee_angle__length,0.0001094835684260239
left_hip_angle__length,2.6776821526931206e-05
left_knee_angle__length,5.7321967151557593e-05
right_shoulder_angle__range_count__max_1__min_-1,9.474608673046983e-05
left_elbow_angle__length,2.843248427003166e-05
right_shoulder_angle__length,8.142558501931016e-05
right_knee_angle__range_count__max_1__min_-1,4.131886777305528e-05
right_ankle_angle__length,2.3422048941330508e-05
right_elbow_angle__length,4.088908485937252e-05
left_elbow_angle__range_count__max_1__min_-1,3.4399801351410624e-05
right_ankle_angle__range_count__max_1__min_-1,2.1089219444925943e-05
left_ankle_angle__length,5.5845168980469155e-05
right_elbow_angle__range_count__max_1__min_-1,7.91226844982713e-05
left_shoulder_angle__range_count__max_1__min_-1,5.695505483207067e-05
left_ankle_angle__range_count__max_1__min_-1,7.728507062653369e-05
left_hip_angle__range_count__max_1__min_-1,8.818618033558609e-05
hip_angle__range_count__max_1__min_-1,3.9850674605406835e-05
left_ankle_angle__agg_linear_trend__attr_"stderr"__chunk_len_10__f_agg_"var",0.0
right_shoulder_angle__quantile__q_0.9,0.002940470412429161
left_ankle_angle__change_quantiles__f_agg_"mean"__isabs_True__qh_0.4__ql_0.0,0.0003444275979784578
right_shoulder_angle__change_quantiles__f_agg_"mean"__isabs_False__qh_1.0__ql_0.8,0.003319764327342908
left_hip_angle__autocorrelation__lag_7,0.0003171674947822742
left_hip_angle__lempel_ziv_complexity__bins_2,6.165220482458944e-05
right_knee_angle__change_quantiles__f_agg_"mean"__isabs_True__qh_0.6__ql_0.2,0.000799064263770544
left_ankle_angle__agg_linear_trend__attr_"slope"__chunk_len_5__f_agg_"var",0.0
left_knee_angle__fft_coefficient__attr_"angle"__coeff_45,0.0017984674488161583
right_elbow_angle__change_quantiles__f_agg_"mean"__isabs_False__qh_0.8__ql_0.0,0.00293568582392562
right_elbow_angle__fft_coefficient__attr_"imag"__coeff_38,0.0005174166601933708
right_knee_angle__fft_coefficient__attr_"imag"__coeff_89,0.0006338532788956362
right_knee_angle__fft_coefficient__attr_"imag"__coeff_30,0.0002608604357390086
right_ankle_angle__fft_coefficient__attr_"angle"__coeff_42,0.00046388388847778744
right_knee_angle__fft_coefficient__attr_"real"__coeff_37,0.0002595811656764381
hip_angle__fft_coefficient__attr_"abs"__coeff_31,0.0008906892853288876
left_knee_angle__fft_coefficient__attr_"real"__coeff_83,0.0006215721777066067
right_ankle_angle__fft_coefficient__attr_"real"__coeff_55,0.0002566118824547334
right_hip_angle__fft_coefficient__attr_"real"__coeff_10,0.0007340805077307743
left_ankle_angle__fft_coefficient__attr_"real"__coeff_76,0.0006117399620631247
left_knee_angle__fft_coefficient__attr_"real"__coeff_85,0.0004058192158261707
right_hip_angle__fft_coefficient__attr_"angle"__coeff_20,0.00134070108703417
right_shoulder_angle__sum_values,0.0014036022737785535
right_shoulder_angle__fft_coefficient__attr_"real"__coeff_0,0.0016869656563935557
right_ankle_angle__fft_coefficient__attr_"real"__coeff_57,0.0005036626598351675
right_hip_angle__change_quantiles__f_agg_"var"__isabs_False__qh_0.6__ql_0.2,2.42738839529073e-07
hip_angle__lempel_ziv_complexity__bins_2,0.0001678344431614654
left_knee_angle__fft_coefficient__attr_"real"__coeff_70,0.00523525937505861
right_ankle_angle__fft_coefficient__attr_"angle"__coeff_35,0.0005661515058538723
right_knee_angle__fft_coefficient__attr_"real"__coeff_6,0.0010575032132417168
left_hip_angle__autocorrelation__lag_4,0.003377893399845976
left_knee_angle__fft_coefficient__attr_"real"__coeff_80,0.0007688935364622042
right_knee_angle__fft_coefficient__attr_"real"__coeff_98,0.00029425645289970603
right_shoulder_angle__agg_linear_trend__attr_"slope"__chunk_len_5__f_agg_"max",0.001031649100561166
hip_angle__lempel_ziv_complexity__bins_100,0.0002985807463569063
left_ankle_angle__number_peaks__n_1,0.0004557041315198349
right_ankle_angle__fft_aggregated__aggtype_"centroid",8.508087546928435e-05
hip_angle__cid_ce__normalize_True,0.0004676163312791772
left_knee_angle__change_quantiles__f_agg_"var"__isabs_False__qh_0.2__ql_0.0,0.00034685697577557534
left_knee_angle__fft_coefficient__attr_"imag"__coeff_41,0.0010941991637795983
left_elbow_angle__number_peaks__n_10,0.0002928924236535209
left_knee_angle__absolute_sum_of_changes,0.00020474264896340016
right_ankle_angle__permutation_entropy__dimension_7__tau_1,0.0003051661781513463
left_knee_angle__fft_coefficient__attr_"real"__coeff_76,0.00048796834760536417
left_hip_angle__agg_linear_trend__attr_"intercept"__chunk_len_5__f_agg_"var",0.0002304165486264286
left_knee_angle__fft_coefficient__attr_"real"__coeff_64,0.00045881723155368295
right_ankle_angle__index_mass_quantile__q_0.8,0.002963371799643866
right_knee_angle__fft_coefficient__attr_"real"__coeff_7,0.00048034138284509044
left_hip_angle__quantile__q_0.7,0.0006883161986888123
right_knee_angle__fft_coefficient__attr_"angle"__coeff_48,0.0006399728760816856
left_ankle_angle__change_quantiles__f_agg_"var"__isabs_True__qh_0.8__ql_0.4,0.0
right_knee_angle__change_quantiles__f_agg_"var"__isabs_True__qh_0.8__ql_0.4,7.11430410788597e-06
right_shoulder_angle__fft_coefficient__attr_"real"__coeff_39,0.0004202608890881351
right_ankle_angle__fft_coefficient__attr_"real"__coeff_34,0.00030106360580008
left_hip_angle__number_peaks__n_3,0.00014987556412579444
left_knee_angle__fft_coefficient__attr_"imag"__coeff_45,0.0012819283893357432
right_knee_angle__change_quantiles__f_agg_"mean"__isabs_True__qh_0.8__ql_0.4,0.00043499502492199896
left_knee_angle__agg_linear_trend__attr_"stderr"__chunk_len_50__f_agg_"var",0.0005544943377194001
left_knee_angle__fft_coefficient__attr_"real"__coeff_33,0.000918092837211819
right_ankle_angle__fft_coefficient__attr_"imag"__coeff_25,0.0010862441491243738
right_shoulder_angle__mean,0.0015280028170550457
right_hip_angle__change_quantiles__f_agg_"var"__isabs_False__qh_1.0__ql_0.2,2.207343411765334e-05
right_ankle_angle__partial_autocorrelation__lag_9,0.0006887145241161009
right_ankle_angle__fft_coefficient__attr_"imag"__coeff_83,0.0003540737097319144
right_ankle_angle__energy_ratio_by_chunks__num_segments_10__segment_focus_9,0.0012619434049585766
right_knee_angle__fft_coefficient__attr_"imag"__coeff_57,0.00039616500994029807
left_hip_angle__mean_second_derivative_central,0.0013147251679624982
right_ankle_angle__fft_coefficient__attr_"imag"__coeff_56,0.0003221696383296951
right_knee_angle__fft_coefficient__attr_"imag"__coeff_86,0.00011543478466716122
right_ankle_angle__fft_coefficient__attr_"real"__coeff_54,0.0006098070287667317
right_ankle_angle__fft_coefficient__attr_"imag"__coeff_62,0.0004175168379287798
left_hip_angle__agg_linear_trend__attr_"slope"__chunk_len_5__f_agg_"min",0.002403600723410544
right_ankle_angle__fft_coefficient__attr_"angle"__coeff_77,0.0002824811655647422
right_hip_angle__change_quantiles__f_agg_"var"__isabs_True__qh_0.6__ql_0.2,0.0
right_ankle_angle__fft_coefficient__attr_"real"__coeff_97,8.36674039611069e-05
left_ankle_angle__quantile__q_0.2,0.0004632526676355752
right_hip_angle__spkt_welch_density__coeff_5,0.0011308036646936021
right_knee_angle__fft_coefficient__attr_"real"__coeff_58,0.00021328998382574122
left_hip_angle__agg_linear_trend__attr_"intercept"__chunk_len_10__f_agg_"var",0.0005146525438376818
right_ankle_angle__lempel_ziv_complexity__bins_2,0.0003446075436452269
left_knee_angle__fft_coefficient__attr_"imag"__coeff_38,0.0008554089501524694
hip_angle__count_below_mean,0.00014939526984108332
right_hip_angle__standard_deviation,0.00026895660743786936
left_knee_angle__change_quantiles__f_agg_"var"__isabs_True__qh_0.4__ql_0.0,7.503521705784566e-05
right_hip_angle__variance,3.384319521496556e-05
right_knee_angle__change_quantiles__f_agg_"var"__isabs_False__qh_0.4__ql_0.2,3.654465989929738e-05
left_knee_angle__fft_coefficient__attr_"real"__coeff_75,0.0002634176450757773
right_hip_angle__root_mean_square,0.00015522219516238834
left_hip_angle__abs_energy,0.000525316085346332
left_hip_angle__change_quantiles__f_agg_"var"__isabs_True__qh_0.8__ql_0.2,0.0
right_hip_angle__linear_trend__attr_"pvalue",0.00197202391967118
right_ankle_angle__agg_linear_trend__attr_"rvalue"__chunk_len_10__f_agg_"var",0.0004764567770375651
right_knee_angle__fft_coefficient__attr_"imag"__coeff_53,0.00022924366716427268
left_hip_angle__autocorrelation__lag_8,0.00025624138682800435
right_shoulder_angle__fft_coefficient__attr_"real"__coeff_40,0.0001923605559058919
right_knee_angle__fft_coefficient__attr_"imag"__coeff_31,0.00013889917244904132
left_hip_angle__autocorrelation__lag_5,0.0008181960450938165
right_shoulder_angle__number_peaks__n_10,0.00017028314725228518
right_hip_angle__number_peaks__n_1,0.0001254525154783216
right_ankle_angle__fft_coefficient__attr_"imag"__coeff_77,0.0005049883980730542
left_knee_angle__fft_coefficient__attr_"imag"__coeff_57,0.001998740634520292
left_ankle_angle__fft_aggregated__aggtype_"variance",0.0001096547240719204
right_elbow_angle__fft_coefficient__attr_"real"__coeff_36,0.00031845730608823025
right_hip_angle__agg_linear_trend__attr_"stderr"__chunk_len_10__f_agg_"max",0.00019903964301322372
right_hip_angle__cid_ce__normalize_False,0.0001900737084819428
right_ankle_angle__fft_coefficient__attr_"angle"__coeff_47,0.0014075548894675587
right_shoulder_angle__cid_ce__normalize_True,0.0005024056391092794
hip_angle__agg_linear_trend__attr_"stderr"__chunk_len_10__f_agg_"max",0.0
right_knee_angle__fft_coefficient__attr_"imag"__coeff_90,0.0003418577896293619
right_elbow_angle__fft_coefficient__attr_"real"__coeff_83,0.0005489288503978762
left_hip_angle__change_quantiles__f_agg_"var"__isabs_False__qh_1.0__ql_0.8,3.5687901130762436e-05
right_knee_angle__change_quantiles__f_agg_"mean"__isabs_True__qh_0.4__ql_0.2,0.0006481988414848888
left_knee_angle__fft_coefficient__attr_"angle"__coeff_71,0.003044565270822496
right_ankle_angle__mean,0.0006852960810968861
left_knee_angle__agg_linear_trend__attr_"stderr"__chunk_len_50__f_agg_"max",0.0006348152730287017
right_ankle_angle__fft_coefficient__attr_"angle"__coeff_38,0.0005463239637838611
left_hip_angle__quantile__q_0.8,0.003710176717471689
right_knee_angle__change_quantiles__f_agg_"var"__isabs_True__qh_0.8__ql_0.2,8.14613850325267e-06
right_knee_angle__fft_coefficient__attr_"real"__coeff_4,0.00046505553381705206
left_knee_angle__fft_coefficient__attr_"real"__coeff_53,0.0012336463039843433
right_knee_angle__agg_linear_trend__attr_"rvalue"__chunk_len_10__f_agg_"max",0.00031471750873659734
right_ankle_angle__approximate_entropy__m_2__r_0.5,0.0018946061092341001
right_ankle_angle__friedrich_coefficients__coeff_0__m_3__r_30,0.00026774433203579484
right_shoulder_angle__fft_coefficient__attr_"real"__coeff_42,0.000530377441784233
right_shoulder_angle__fft_coefficient__attr_"angle"__coeff_3,0.0008053089243499527
right_ankle_angle__c3__lag_3,0.0
right_elbow_angle__agg_linear_trend__attr_"slope"__chunk_len_5__f_agg_"max",0.0006085015245348316
right_ankle_angle__fft_coefficient__attr_"angle"__coeff_82,0.0004959327938837955
left_knee_angle__fft_coefficient__attr_"angle"__coeff_43,0.0014266562638569195
right_knee_angle__number_peaks__n_1,0.0003048927719245553
right_ankle_angle__range_count__max_1000000000000.0__min_0,0.00034545242463862927
left_knee_angle__fft_coefficient__attr_"imag"__coeff_39,0.0008447106485187267
left_shoulder_angle__fft_coefficient__attr_"imag"__coeff_83,0.00155203268287755
right_ankle_angle__fft_coefficient__attr_"real"__coeff_0,0.00031314804252449425
right_elbow_angle__change_quantiles__f_agg_"mean"__isabs_False__qh_0.8__ql_0.4,0.0008121438538062767
right_knee_angle__agg_autocorrelation__f_agg_"median"__maxlag_40,0.0008711280027795526
right_ankle_angle__sum_values,0.0001280927273089243
left_shoulder_angle__lempel_ziv_complexity__bins_2,0.0002706054413053354
right_shoulder_angle__fft_coefficient__attr_"abs"__coeff_48,0.000880845681116954
right_knee_angle__range_count__max_1000000000000.0__min_0,0.0003818208115597691
right_hip_angle__absolute_sum_of_changes,0.0004514796360811584
right_elbow_angle__fft_coefficient__attr_"imag"__coeff_36,0.0007385629332483703
right_hip_angle__change_quantiles__f_agg_"var"__isabs_False__qh_0.8__ql_0.6,1.1378418945194575e-07
right_shoulder_angle__fft_coefficient__attr_"abs"__coeff_21,0.0010698082531101069
left_shoulder_angle__agg_linear_trend__attr_"stderr"__chunk_len_10__f_agg_"max",0.0005612894583451611
left_knee_angle__lempel_ziv_complexity__bins_2,0.00015806917845976473
right_elbow_angle__fft_coefficient__attr_"abs"__coeff_93,0.0007529064745428018
right_shoulder_angle__number_peaks__n_3,0.00022727637152751827
right_hip_angle__change_quantiles__f_agg_"var"__isabs_True__qh_1.0__ql_0.0,1.8004206299033815e-06
right_knee_angle__fft_coefficient__attr_"real"__coeff_96,0.0002344415006185775
right_ankle_angle__fourier_entropy__bins_2,0.0014834365822900641
left_knee_angle__fft_coefficient__attr_"real"__coeff_67,0.001426635959523469
right_ankle_angle__fft_coefficient__attr_"angle"__coeff_49,0.00021505598160852346
right_shoulder_angle__fft_coefficient__attr_"imag"__coeff_47,0.0010743137469461943
left_knee_angle__fft_coefficient__attr_"real"__coeff_87,0.00031505606508842323
right_hip_angle__change_quantiles__f_agg_"mean"__isabs_True__qh_0.8__ql_0.4,0.00046372608136514376
right_shoulder_angle__friedrich_coefficients__coeff_2__m_3__r_30,0.0004966430486608921
right_ankle_angle__fft_coefficient__attr_"real"__coeff_27,0.0006859249608304009
